term,#messages,#instances
"place",279,327
"great",262,315
"clean",261,263
"stay",243,289
"comfortable",157,166
"location",135,138
"beautiful",129,137
"recommend",128,129
"Falls",120,135
"nice",116,127
"Grand",92,99
"host",87,95
"cabin",83,105
"apartment",82,100
"highly",77,77
"Stephane",77,88
"back",76,84
"Anne",74,91
"perfect",74,79
"home",71,92
"amazing",65,72
"view",65,66
"Spacious",61,61
"Quiet",61,63
"Super",58,62
"space",56,59
"house",55,70
"Barry",55,76
"Easy",53,56
"spot",53,55
"area",51,54
"stayed",50,51
"needed",48,52
"Cozy",48,49
"beds",44,45
"wonderful",44,45
"lovely",43,44
"town",43,45
"good",41,43
"time",41,43
"enjoyed",40,45
"night",37,39
"kitchen",36,37
"walking",36,36
"River",35,37
"loved",35,40
"views",35,35
"close",34,34
"staying",33,34
"check",33,38
"restaurants",32,32
"located",32,32
"walk",31,31
"Airbnb",31,35
"quick",31,31
"amenities",31,31
"Excellent",30,30
"family",29,31
"equipped",29,29
"modern",28,28
"fantastic",28,30
"distance",28,29
"trip",27,29
"propre",27,27
"Comfy",26,29
"make",25,25
"Communication",25,25
"street",25,25
"bed",25,26
"day",25,27
"room",25,28
"Nest",25,30
"enjoy",24,25
"decorated",24,25
"visit",23,25
"Lots",23,23
"absolutely",23,25
"awesome",23,26
"stop",23,23
"Stephane’s",22,23
"parking",22,23
"accommodating",21,21
"responsive",20,20
"coffee",20,23
"questions",20,20
"Appartement",20,20
"It’s",19,20
"experience",19,19
"Hosts",19,19
"convenient",19,19
"find",18,18
"gem",18,18
"Anne’s",18,21
"friendly",18,18
"unit",18,21
"Eagles",18,20
"made",18,20
"helpful",17,17
"big",17,17
"recommended",17,17
"longer",17,17
"charming",17,17
"situé",17,17
"road",16,16
"stocked",16,16
"Extremely",16,17
"feel",16,16
"short",16,16
"garden",16,18
"gorgeous",15,15
"John",15,16
"appointed",15,15
"downtown",15,15
"large",15,16
"front",14,15
"St",14,15
"bedroom",14,14
"cute",14,15
"pictures",14,14
"confortable",14,14
"return",14,14
"main",14,17
"merci",14,14
"stylish",13,14
"restaurant",13,13
"recommande",13,13
"provided",13,14
"nights",13,13
"porch",13,14
"warm",13,13
"PEI",13,13
"accommodations",13,13
"peaceful",13,13
"Spectacular",13,13
"long",13,14
"book",13,13
"logement",13,16
"une",13,15
"sleep",12,12
"quaint",12,12
"felt",12,12
"dryer",12,13
"laundry",12,13
"love",12,12
"arrived",12,12
"bathroom",12,12
"washer",12,12
"welcoming",12,12
"lot",12,13
"respond",12,12
"drive",12,12
"beautifully",11,11
"future",11,11
"relax",11,11
"small",11,12
"morning",11,13
"local",11,12
"days",11,11
"maintained",11,11
"relaxing",11,11
"appreciated",10,11
"rest",10,12
"property",10,12
"sparkling",10,10
"Minutes",10,11
"Fire",10,11
"hospitality",10,10
"minute",10,10
"séjour",10,10
"building",10,10
"door",10,10
"appliances",10,10
"air",10,11
"extra",10,10
"Maine",10,11
"communicate",10,10
"touches",10,10
"pit",10,11
"bel",10,10
"Fort",10,12
"Hope",10,10
"full",10,10
"summer",9,9
"Scotia",9,9
"renovated",9,9
"coming",9,9
"gorge",9,9
"TV",9,9
"beaucoup",9,9
"travelling",9,9
"stunning",9,9
"end",9,9
"spotless",9,9
"happy",9,9
"huge",9,11
"Fairfield",9,11
"Nova",9,9
"advertised",9,9
"shops",9,9
"kids",8,8
"people",8,8
"weekend",8,9
"Ontario",8,8
"parfait",8,8
"avons",8,8
"access",8,8
"équipé",8,8
"beau",8,8
"hidden",8,8
"found",8,8
"maison",8,10
"booked",8,11
"quickly",8,8
"hotel",8,10
"thoughtful",8,8
"bit",8,8
"stopped",8,8
"plenty",8,8
"central",8,8
"east",8,8
"private",8,8
"fully",8,8
"scenery",8,8
"work",8,8
"driving",8,8
"food",8,8
"Canada",8,9
"pretty",7,7
"expectations",7,7
"places",7,7
"guests",7,7
"ample",7,7
"cleanliness",7,7
"things",7,7
"wife",7,7
"overnight",7,7
"spend",7,7
"yard",7,7
"didn’t",7,7
"shower",7,7
"gave",7,7
"living",7,7
"price",7,7
"tour",7,7
"ready",7,7
"golf",7,7
"setting",7,7
"bnb",7,7
"Stéphane",7,7
"travel",7,7
"Conveniently",7,7
"hôte",7,7
"justice",7,7
"kind",7,7
"tidy",7,7
"expected",7,7
"était",7,8
"situated",6,6
"Cindy",6,8
"incredibly",6,6
"stores",6,6
"couch",6,6
"chutes",6,6
"answer",6,6
"star",6,6
"pleasant",6,6
"style",6,6
"adorable",6,6
"valley",6,6
"properties",6,6
"Endroit",6,6
"thing",6,6
"person",6,6
"cabins",6,6
"nearby",6,6
"centre",6,6
"messages",6,6
"booking",6,7
"top",6,6
"tranquille",6,6
"country",6,6
"furniture",6,6
"Spotlessly",6,6
"Real",6,6
"dinner",6,6
"hard",6,6
"fun",6,6
"decor",6,6
"wanted",6,6
"windows",6,7
"won’t",6,6
"trails",6,6
"including",6,6
"traveling",6,6
"responded",6,7
"making",6,6
"surprised",6,6
"meet",6,6
"disappointed",6,6
"easily",6,6
"bonus",6,6
"patio",6,6
"ideal",6,6
"lits",6,6
"trail",6,10
"stays",6,6
"Stephanie",6,6
"neighbourhood",6,6
"items",5,5
"owner",5,5
"answered",5,5
"getaway",5,5
"wifi",5,5
"accessible",5,5
"helped",5,5
"put",5,5
"cold",5,6
"apprécié",5,5
"week",5,5
"worth",5,5
"fast",5,5
"store",5,6
"C’est",5,6
"Halifax",5,5
"suite",5,5
"high",5,5
"late",5,5
"friends",5,5
"route",5,5
"hour",5,7
"water",5,5
"explore",5,5
"lit",5,6
"load",5,5
"neighborhood",5,5
"cosy",5,5
"hotels",5,7
"rapide",5,5
"toute",5,5
"ll",5,5
"wonderfully",5,5
"centrally",5,5
"forward",5,5
"exceeded",5,5
"breeze",5,5
"times",5,5
"detail",5,5
"didn",5,5
"nicely",5,5
"sunrise",5,5
"vacation",5,5
"heart",5,5
"wait",5,5
"rooms",5,5
"middle",5,5
"thought",5,5
"perfectly",5,5
"ranch",5,9
"photos",5,5
"you’re",5,5
"chairs",5,5
"quality",5,5
"evening",5,5
"Brunswick",5,5
"read",5,5
"aux",5,5
"stopover",5,6
"grocery",5,5
"Bear",5,5
"privacy",5,5
"checking",5,5
"retreat",5,5
"left",5,5
"arrival",5,5
"completely",5,5
"call",5,5
"newly",5,5
"Side",4,4
"character",4,4
"superbe",4,4
"Bigger",4,4
"clear",4,4
"sofa",4,4
"walked",4,4
"Terrific",4,4
"brand",4,4
"complaints",4,4
"pleasantly",4,4
"cooking",4,5
"vibe",4,4
"history",4,4
"hours",4,4
"phone",4,4
"Immaculate",4,4
"winter",4,4
"directions",4,4
"incredible",4,4
"year",4,4
"cottage",4,5
"COUNTY",4,4
"sunsets",4,4
"Ottawa",4,4
"Quebec",4,4
"note",4,4
"half",4,4
"reservation",4,4
"sunset",4,4
"overlooking",4,4
"deal",4,4
"passing",4,4
"Spacieux",4,4
"répondre",4,4
"confortables",4,5
"AC",4,4
"group",4,4
"inviting",4,4
"cream",4,4
"floor",4,4
"pull",4,4
"message",4,4
"homey",4,4
"escape",4,4
"I’ve",4,4
"calme",4,4
"Can’t",4,4
"farmhouse",4,4
"Barry’s",4,5
"près",4,4
"Eagle’s",4,4
"bears",4,5
"response",4,4
"Maritimes",4,4
"slept",4,4
"outstanding",4,4
"peace",4,4
"hot",4,4
"I’m",4,5
"pictured",4,4
"construction",4,4
"information",4,5
"ground",4,4
"backyard",4,4
"couldn",4,4
"rental",4,5
"hang",4,4
"Eagle",4,6
"hôtes",4,4
"mattress",4,5
"Sweet",4,4
"coast",4,4
"special",4,4
"Saint",4,4
"immediately",4,4
"accommodate",4,4
"center",4,4
"offered",4,4
"highway",4,4
"visiting",4,4
"vraiment",4,4
"equiped",4,4
"border",4,5
"break",4,4
"light",4,5
"plan",4,4
"cool",4,4
"interior",4,4
"offer",3,3
"checked",3,3
"outdoor",3,4
"energy",3,3
"park",3,4
"Boondocks",3,3
"hostess",3,3
"delightful",3,3
"designed",3,3
"brought",3,3
"goût",3,3
"necessities",3,3
"directly",3,3
"point",3,3
"accomodation",3,3
"😊",3,3
"notice",3,3
"cette",3,3
"reply",3,3
"poutine",3,3
"magnifique",3,3
"simply",3,3
"Presque",3,3
"Urban",3,3
"bedrooms",3,3
"dark",3,3
"knowledge",3,3
"décoré",3,3
"Rustic",3,3
"exceptional",3,3
"waterfall",3,4
"moderne",3,3
"husband",3,3
"neat",3,3
"cancelled",3,3
"cooked",3,3
"accomodating",3,3
"basement",3,4
"covered",3,3
"change",3,3
"prepared",3,3
"ont",3,3
"early",3,3
"eating",3,3
"surrounding",3,3
"blocks",3,3
"amount",3,3
"sympathique",3,3
"provide",3,3
"cleaning",3,3
"books",3,3
"miles",3,3
"boyfriend",3,3
"leave",3,3
"Breton",3,3
"Aroostook",3,3
"asked",3,3
"phenomenal",3,3
"moose",3,3
"built",3,3
"picked",3,3
"automated",3,3
"towels",3,3
"secluded",3,3
"important",3,3
"canceled",3,3
"cook",3,3
"regret",3,3
"feels",3,3
"doors",3,3
"popcorn",3,3
"issues",3,3
"chance",3,3
"bathtub",3,3
"sit",3,3
"eat",3,3
"supply",3,3
"amazingly",3,3
"choose",3,3
"télé",3,3
"There’s",3,5
"ice",3,3
"standing",3,3
"Fall",3,3
"nicest",3,3
"notch",3,3
"Potato",3,3
"address",3,3
"sights",3,3
"responses",3,3
"problem",3,3
"Keurig",3,3
"heartbeat",3,3
"prompt",3,3
"hesitate",3,3
"qu’il",3,3
"code",3,4
"we’ll",3,3
"lights",3,3
"atmosphere",3,3
"tons",3,3
"glad",3,3
"NB",3,3
"facile",3,3
"contact",3,3
"Netflix",3,3
"stopping",3,3
"don’t",3,3
"accommodation",3,3
"northern",3,3
"couldn’t",3,3
"rented",3,3
"nuit",3,3
"issue",3,3
"unique",3,3
"class",3,3
"snowmobile",3,3
"Sonia",3,4
"furnishings",3,3
"comfort",3,3
"Gas",3,3
"arrivée",3,3
"destination",3,3
"dining",3,3
"confort",3,3
"gracious",3,3
"2nd",3,3
"tres",3,3
"stove",3,3
"bath",3,3
"suggest",3,3
"supper",3,3
"foot",3,3
"choice",3,3
"fresh",3,3
"vue",3,3
"appartment",3,3
"furnished",3,3
"expecting",3,3
"welcomed",3,3
"attractions",3,3
"Log",3,3
"Cape",3,3
"You’ll",3,3
"internet",3,3
"posting",3,3
"surprise",3,3
"emplacement",3,3
"owners",3,3
"city",3,3
"answering",3,3
"question",3,3
"missing",3,3
"bring",3,4
"Sault",3,3
"touch",3,3
"set",3,3
"groceries",3,3
"possibly",3,3
"couple",3,3
"open",2,2
"maker",2,2
"Johns",2,2
"utilisé",2,2
"blown",2,2
"mentioned",2,2
"bonne",2,2
"million",2,2
"deer",2,2
"Exceptionally",2,2
"commerces",2,2
"Brilliant",2,2
"spent",2,2
"mother",2,2
"totally",2,2
"stars",2,2
"natural",2,2
"literie",2,2
"immaculately",2,2
"café",2,2
"wished",2,2
"impressed",2,2
"aware",2,2
"neighbour",2,2
"disponible",2,2
"Conveniences",2,2
"treat",2,2
"looked",2,2
"faut",2,2
"shared",2,2
"dormi",2,2
"TVs",2,2
"shopping",2,2
"Isle",2,2
"added",2,2
"fireplace",2,2
"COVID",2,2
"changed",2,2
"adoré",2,2
"prior",2,2
"process",2,2
"fonctionnel",2,2
"children",2,2
"surroundings",2,2
"highlight",2,2
"Blossom",2,2
"visited",2,2
"soap",2,2
"decent",2,2
"apartments",2,2
"Walkable",2,2
"hosted",2,2
"bright",2,2
"arrêt",2,2
"rainy",2,2
"personal",2,2
"lieu",2,3
"expectation",2,2
"spring",2,2
"exploring",2,2
"detergent",2,2
"complaint",2,2
"attention",2,2
"Toronto",2,2
"camping",2,2
"woods",2,2
"stiff",2,2
"services",2,2
"recommending",2,2
"inside",2,2
"Grille",2,2
"share",2,2
"interesting",2,2
"shop",2,2
"cet",2,2
"oasis",2,2
"firepit",2,2
"simple",2,2
"site",2,2
"floors",2,2
"procédure",2,2
"marking",2,2
"keys",2,2
"chez",2,2
"besoin",2,2
"meals",2,2
"forgot",2,2
"chose",2,2
"lake",2,2
"tea",2,2
"epsom",2,2
"December",2,2
"l’endroit",2,2
"level",2,2
"expect",2,2
"description",2,2
"communications",2,2
"tips",2,2
"spread",2,2
"séjourner",2,2
"rapidement",2,2
"Limestone",2,2
"details",2,2
"wood",2,2
"play",2,2
"Caribou",2,2
"C’était",2,2
"remote",2,2
"actual",2,2
"flat",2,3
"created",2,2
"upstairs",2,2
"journey",2,2
"bedding",2,2
"Airbnb’s",2,2
"heat",2,2
"surrounded",2,2
"slippers",2,2
"promptly",2,2
"meal",2,2
"block",2,2
"hills",2,2
"enjoyable",2,2
"paper",2,2
"Environnement",2,2
"l’appartement",2,3
"comforts",2,2
"speedy",2,2
"departure",2,2
"Broadway",2,2
"we’ve",2,2
"Montreal",2,2
"likes",2,2
"avions",2,2
"dishes",2,2
"world",2,2
"travellers",2,2
"neuf",2,2
"informative",2,2
"stops",2,2
"regard",2,2
"feeling",2,2
"bag",2,2
"shelf",2,2
"lunch",2,2
"hair",2,2
"number",2,2
"hangout",2,2
"suggestions",2,2
"older",2,2
"updated",2,2
"option",2,2
"manger",2,2
"chatted",2,2
"sky",2,2
"marked",2,2
"choix",2,2
"members",2,2
"lady",2,2
"snowmobiling",2,2
"lasagna",2,2
"environment",2,2
"dead",2,2
"antique",2,2
"midnight",2,2
"hospitable",2,2
"Boulevard",2,2
"wanting",2,2
"Definite",2,2
"build",2,2
"répond",2,2
"listing",2,2
"extras",2,2
"season",2,2
"impeccable",2,2
"golfing",2,2
"tranquil",2,2
"fairy",2,2
"travelled",2,2
"distances",2,2
"care",2,2
"instructions",2,2
"caused",2,3
"guys",2,2
"activities",2,2
"showed",2,2
"drove",2,2
"chambre",2,3
"suggested",2,2
"jewel",2,2
"charm",2,2
"update",2,2
"sister",2,2
"Jolie",2,2
"supplied",2,2
"size",2,2
"original",2,2
"footsteps",2,2
"American",2,2
"ride",2,2
"propriétaire",2,2
"Ann",2,4
"proximity",2,2
"pantoufles",2,2
"merveilleux",2,2
"Québec",2,2
"thankyou",2,2
"definately",2,2
"Breathtaking",2,2
"specious",2,2
"demandes",2,2
"stairs",2,3
"listed",2,2
"give",2,2
"busy",2,2
"attractive",2,2
"seamless",2,2
"immensely",2,2
"calm",2,2
"seeking",2,2
"disappointing",2,2
"wow",2,2
"features",2,2
"guy",2,2
"👍",2,2
"show",2,2
"NS",2,2
"unexpected",2,2
"offers",2,2
"Bear’s",2,2
"unwind",2,2
"daughter",2,2
"smell",2,2
"propreté",2,2
"tastefully",2,2
"larger",2,2
"entrance",2,3
"pass",2,2
"breakfast",2,2
"apt",2,3
"rain",2,2
"weather",2,2
"petit",2,2
"money",2,2
"lighting",2,2
"I’ll",2,2
"mountain",2,2
"window",2,2
"fabulous",2,2
"called",2,2
"secure",2,2
"Canadian",2,2
"Stephen",2,2
"recommandons",2,2
"tree",2,2
"favorite",2,2
"dog",2,2
"Festival",2,2
"could’ve",2,2
"bar",2,2
"rent",2,2
"handy",2,2
"couples",2,2
"happily",2,2
"sun",2,2
"single",2,2
"makes",2,2
"Superhost",2,2
"heard",2,2
"flowers",2,2
"allowed",2,3
"produits",2,2
"ancienne",2,2
"snow",2,2
"roads",2,2
"provinces",2,2
"qualité",2,2
"microwave",2,2
"club",2,2
"rue",2,2
"hosting",2,2
"warmly",2,2
"safe",2,2
"commercial",2,2
"I’d",2,2
"extended",2,2
"business",2,2
"attentive",2,2
"seafood",2,2
"nature",2,2
"dine",2,2
"received",2,2
"pillows",2,2
"faire",2,2
"pleased",2,2
"lors",2,2
"instant",2,2
"doesn’t",2,2
"you’d",2,2
"relaxed",2,2
"guide",2,2
"couches",2,2
"isn’t",2,2
"finding",2,2
"basics",2,2
"understand",1,1
"request",1,1
"pouvait",1,1
"mailed",1,1
"happier",1,1
"fires",1,1
"dude",1,1
"coyotes",1,1
"BBQ",1,1
"adult",1,1
"unresponsive",1,1
"sincere",1,1
"respite",1,1
"Haystack",1,1
"flexible",1,1
"easier",1,1
"cross",1,1
"charme",1,1
"agréable",1,1
"prise",1,1
"ordinaire",1,1
"marche",1,1
"jusqu’aux",1,1
"hear",1,1
"flower",1,1
"Edmundston",1,1
"cups",1,1
"allions",1,1
"vaste",1,1
"surpassed",1,1
"retourner",1,1
"Proche",1,1
"marred",1,1
"fonctionnelle",1,1
"Elke",1,1
"Darling",1,1
"chill",1,1
"ambiance",1,1
"vibrant",1,1
"suspect",1,1
"smaller",1,1
"revient",1,1
"proposé",1,1
"meant",1,1
"knowledgeable",1,1
"formations",1,1
"décorée",1,1
"ancestral",1,1
"visiter",1,1
"tale",1,1
"snd",1,1
"providing",1,1
"paix",1,1
"land",1,1
"hold",1,1
"Fredericton",1,1
"ensure",1,1
"d’avoir",1,1
"voyage",1,1
"technological",1,1
"rolling",1,1
"mettent",1,1
"laveuse",1,1
"hooked",1,1
"equip",1,1
"decide",1,1
"clothes",1,1
"apologize",1,1
"sound",1,1
"Royale",1,2
"quelques",1,1
"patches",1,1
"l’installation",1,1
"furnature",1,1
"essentiels",1,1
"colder",1,1
"warmest",1,1
"thinking",1,1
"spéciale",1,1
"sadly",1,1
"radios",1,1
"missed",1,1
"led",1,1
"arrière",1,1
"wealth",1,1
"Thursday",1,1
"Saturday",1,1
"raises",1,1
"personalized",1,1
"moindres",1,1
"lift",1,1
"Hwy",1,1
"generally",1,1
"communique",1,1
"aspire",1,1
"toddler",1,1
"sûr",1,1
"raspberry",1,1
"Photo",1,1
"linger",1,1
"idea",1,1
"express",1,1
"detergents",1,1
"bushes",1,1
"attentions",1,1
"reach",1,1
"picnic",1,1
"eyes",1,1
"difficulty",1,1
"conditions",1,1
"autour",1,1
"traffic",1,1
"Secretariat",1,1
"rebook",1,1
"pied",1,1
"locate",1,1
"facing",1,1
"conseille",1,1
"camps",1,1
"120V",1,1
"word",1,1
"transit",1,1
"semester",1,1
"Lodge",1,1
"Grandmothers",1,1
"Canterbury",1,2
"équipe",1,1
"abode",1,1
"worthy",1,1
"serviettes",1,1
"recreational",1,1
"Newfoundland",1,1
"instagram",1,1
"grills",1,1
"doesn",1,1
"cas",1,1
"Écosse",1,1
"years",1,1
"trips",1,1
"noises",1,1
"interests",1,1
"ceilings",1,1
"baked",1,1
"stroll",1,1
"portray",1,1
"machine",1,1
"hand",1,1
"draw",1,1
"coup",1,1
"basic",1,1
"🙏",1,1
"shows",1,1
"obsessed",1,1
"happenings",1,1
"bénéficié",1,1
"unprofessionalism",1,1
"suivre",1,1
"residence",1,1
"haven",1,1
"flexibilité",1,1
"ease",1,1
"crockery",1,1
"charmés",1,1
"ago",1,1
"sitting",1,1
"order",1,1
"maps",1,1
"June",1,1
"heads",1,1
"floral",1,1
"edge",1,1
"cup",1,1
"allée",1,1
"valuable",1,1
"surface",1,1
"sleds",1,1
"resulted",1,1
"oublié",1,1
"markings",1,1
"kid",1,1
"elegant",1,1
"ambassador",1,1
"reviendrons",1,1
"owned",1,1
"means",1,1
"forgotten",1,1
"Endroits",1,1
"taking",1,1
"snacks",1,1
"paint",1,1
"mention",1,1
"lamp",1,1
"freat",1,1
"enjoying",1,1
"d’ailleurs",1,1
"bonfire",1,1
"voiture",1,1
"team",1,1
"Roku",1,1
"meters",1,1
"honesty",1,1
"frim",1,1
"equally",1,1
"closer",1,1
"Boondock’s",1,1
"terminer",1,1
"soul",1,1
"row",1,1
"queen",1,2
"past",1,1
"milk",1,1
"l’heure",1,1
"funny",1,1
"essentially",1,1
"deep",1,1
"brancher",1,1
"warmer",1,1
"race",1,1
"pensé",1,1
"miscl",1,1
"leaving",1,1
"fut",1,1
"delight",1,1
"throwing",1,1
"spending",1,1
"satisfied",1,1
"gemütlich",1,1
"descriptions",1,1
"communicative",1,1
"bronze",1,1
"aspects",1,1
"tired",1,1
"séjournez",1,1
"rapides",1,1
"linens",1,1
"Idéalement",1,1
"Gerry",1,1
"burn",1,1
"scorching",1,1
"réponse",1,1
"picking",1,1
"names",1,1
"Literally",1,1
"goal",1,1
"exudes",1,1
"difficulté",1,1
"conditioner",1,1
"cadeau",1,1
"autonome",1,1
"seclusion",1,1
"reçu",1,1
"pieces",1,1
"impress",1,1
"facilities",1,1
"connectivity",1,1
"10minutes",1,1
"transaction",1,1
"semaines",1,1
"recomend",1,1
"neighbors",1,1
"locks",1,2
"grandkids",1,1
"famille",1,1
"Disney",1,1
"Contemporary",1,1
"équipée",1,1
"aérer",1,1
"travels",1,1
"newest",1,1
"longue",1,1
"disturbance",1,1
"caring",1,1
"☺️",1,1
"Triple",1,1
"related",1,1
"pods",1,1
"guess",1,1
"fell",1,1
"Dorian",1,1
"bain",1,1
"是个负责任的房东，房子很好，我们那天来得很晚，Anne",1,1
"stressful",1,1
"rendant",1,1
"Nothin",1,1
"luxurious",1,1
"island",1,1
"filter",1,1
"dramatic",1,1
"add",1,1
"💛",1,1
"unconsidered",1,1
"Pots",1,1
"magnificient",1,1
"Italian",1,1
"happening",1,1
"dry",1,1
"bébés",1,1
"unplanned",1,1
"reset",1,1
"majesty",1,1
"Joe’s",1,1
"Hats",1,1
"flawless",1,1
"creation",1,1
"charmé",1,1
"agit",1,1
"upward",1,1
"prime",1,1
"orange",1,1
"map",1,1
"July",1,1
"heading",1,1
"cum",1,1
"cheap",1,1
"airport",1,1
"surely",1,1
"slamming",1,1
"resturants",1,1
"heated",1,1
"fonctionne",1,1
"electric",1,1
"立地が最高だと思います。歩いていける場所で、買い物はとても便利で飲食店も多く、ジップラインも歩いてい",1,1
"Amazingplace",1,1
"veulent",1,1
"slow",1,1
"reunions",1,1
"knowing",1,1
"décharger",1,1
"smoothly",1,2
"rien",1,1
"paid",1,1
"memories",1,1
"historic",1,1
"fournis",1,1
"d’accueil",1,1
"bombs",1,1
"anniversary",1,1
"voisins",1,1
"soaking",1,1
"rocking",1,1
"push",1,1
"parc",1,1
"messaging",1,1
"honestly",1,1
"closed",1,1
"term",1,1
"sorts",1,1
"passionate",1,1
"Funky",1,1
"essential",1,1
"decoration",1,1
"appointments",1,1
"Warmed",1,1
"rural",1,1
"quirky",1,1
"penny",1,1
"fussy",1,1
"excellentes",1,1
"delicious",1,1
"threw",1,1
"sat",1,1
"rainwater",1,1
"Hurricane",1,1
"broken",1,1
"wedding",1,1
"idéal",1,1
"Georges",1,1
"complain",1,1
"attentes",1,1
"wide",1,1
"topped",1,1
"staples",1,1
"school",1,1
"répondu",1,1
"named",1,1
"imagine",1,1
"glorious",1,1
"didnt",1,1
"Condiments",1,1
"winner",1,1
"realize",1,1
"piece",1,1
"Google",1,1
"faciles",1,1
"direction",1,1
"confos",1,1
"camp",1,2
"avoid",1,1
"Trans",1,1
"Stephan’s",1,1
"semaine",1,1
"recliners",1,1
"placé",1,1
"lock",1,1
"incorrect",1,1
"grandement",1,1
"dishwasher",1,1
"contactless",1,1
"AAA",1,1
"worse",1,1
"stick",1,1
"service",1,1
"newborn",1,1
"longtemps",1,1
"inquiries",1,1
"grill",1,1
"farther",1,1
"districts",1,1
"位置方便，离瀑布走路5分钟，周边有很多餐馆，房间内也很干净，2张床适合一家四口",1,1
"Accès",1,1
"storage",1,1
"shampoo",1,1
"ply",1,1
"interest",1,1
"groups",1,1
"bagages",1,1
"accomodated",1,1
"zip",1,1
"turned",1,1
"streets",1,1
"shoot",1,1
"luxueux",1,1
"irreprochable",1,1
"fils",1,1
"drag",1,1
"countryside",1,1
"based",1,1
"💐",1,1
"uncomfortable",1,1
"sty",1,1
"shown",1,1
"replied",1,1
"magasins",1,1
"happen",1,1
"Drummond",1,1
"courteously",1,1
"admit",1,1
"unload",1,1
"suis",1,1
"sign",1,1
"Prenez",1,1
"online",1,1
"majestic",1,1
"jockey",1,1
"hassle",1,1
"earlier",1,1
"charmants",1,1
"aged",1,1
"responsible",1,1
"prices",1,1
"options",1,1
"manque",1,1
"headaches",1,1
"flooring",1,1
"cuisiner",1,1
"chatting",1,1
"vaisselle",1,1
"skylight",1,1
"restrictions",1,1
"problems",1,1
"other’s",1,1
"markers",1,1
"keypad",1,1
"fonctionnait",1,1
"eingerichtet",1,1
"cutlery",1,1
"cher",1,1
"benefit",1,1
"veranda",1,1
"reunion",1,1
"forfeit",1,1
"ending",1,1
"dès",1,1
"amizing",1,1
"visible",1,1
"swinging",1,1
"smooth",1,1
"riding",1,1
"proprte",1,1
"padding",1,1
"memorable",1,1
"laid",1,1
"détails",1,1
"cleaness",1,1
"bomb",1,1
"voir",1,1
"soak",1,1
"rock",1,1
"pulled",1,1
"lasted",1,1
"hone",1,1
"anytime",1,1
"waitress",1,1
"tend",1,1
"sorted",1,1
"rough",1,1
"qu’une",1,1
"mile",1,1
"functional",1,1
"espace",1,1
"decorating",1,1
"codes",1,1
"bouquet",1,1
"runs",1,1
"leather",1,1
"furnitureQuite",1,1
"degrees",1,1
"Bref",1,1
"watching",1,1
"thoughtfully",1,1
"salts",1,1
"Rainer",1,1
"persönlich",1,1
"moderate",1,1
"leurs",1,1
"hunting",1,1
"gel",1,1
"existed",1,1
"arriving",1,1
"tip",1,1
"spotted",1,1
"pharmacies",1,1
"genuinely",1,1
"experiences",1,1
"detailed",1,1
"compared",1,1
"attend",1,1
"White",1,1
"scheduled",1,1
"pick",1,1
"mundane",1,1
"listings",1,1
"image",1,1
"glassware",1,1
"extrêmement",1,1
"concerns",1,1
"aucune",1,1
"windy",1,1
"stationnement",1,1
"seating",1,1
"realise",1,1
"pictures。Thank",1,1
"NC",1,1
"Impeccably",1,1
"facilement",1,1
"dire",1,1
"camera",1,1
"Stephan",1,1
"selection",1,1
"recliner",1,1
"pkace",1,1
"neighbor",1,1
"locations",1,1
"inconvenience",1,1
"grande",1,1
"contacted",1,2
"cancel",1,1
"éprouvé",1,1
"50pm",1,1
"sterilized",1,1
"serviable",1,1
"recommendations",1,1
"platforms",1,1
"greet",1,1
"farms",1,1
"distractions",1,1
"convince",1,1
"cares",1,1
"一直在等我们。而且也介绍了一下附近的环境",1,1
"wrote",1,1
"tricky",1,1
"seule",1,1
"plusieurs",1,1
"loud",1,1
"interactions",1,1
"correct",1,1
"cœur",1,1
"zig",1,1
"Turcotte",1,1
"remembering",1,1
"pop",1,1
"fields",1,1
"Bars",1,1
"activIty",1,1
"👌🏼",1,1
"unbelievably",1,1
"repas",1,1
"finishes",1,1
"drug",1,1
"courteous",1,1
"chambres",1,1
"bathrooms",1,1
"rescued",1,1
"prefer",1,1
"job",1,1
"hardware",1,1
"fixtures",1,1
"charmant",1,1
"beat",1,1
"afternoon",1,1
"sunrises",1,1
"sisters",1,1
"priced",1,1
"jouets",1,1
"head",1,1
"cuddle",1,1
"vaiselle",1,1
"supplies",1,1
"restored",1,1
"Originally",1,1
"folks",1,1
"eggs",1,1
"chemicals",1,1
"bench",1,1
"ventilation",1,1
"surprisingly",1,1
"slightest",1,1
"returned",1,1
"overlook",1,1
"ménagers",1,1
"kinds",1,1
"forest",1,1
"blackout",1,1
"amidst",1,1
"vintage",1,1
"swing",1,1
"smells",1,1
"rider",1,1
"propriétaires",1,1
"pad",1,1
"hill",1,1
"dérangerait",1,1
"boardwalks",1,1
"vivement",1,1
"taxidermy",1,1
"roaring",1,1
"pantry",1,1
"friendless",1,1
"clock",1,1
"waiting",1,1
"tenants",1,1
"sooo",1,1
"roomy",1,1
"passed",1,1
"l’accueil",1,1
"function",1,1
"that’s",1,1
"spaceA",1,1
"run",1,1
"minus",1,1
"learning",1,1
"ardu",1,1
"wasn’t",1,1
"salt",1,2
"rained",1,1
"permettant",1,1
"modem",1,1
"leisure",1,1
"humor",1,1
"excited",1,1
"department",1,1
"communicates",1,1
"Brita",1,1
"sécuritaire",1,1
"rangement",1,1
"petits",1,1
"Montréal",1,1
"gentleman",1,1
"experienced",1,1
"company",1,1
"whim",1,1
"stakes",1,1
"schöne",1,1
"pic",1,1
"muffins",1,1
"Ill",1,1
"Compliments",1,1
"button",1,1
"ATV",1,1
"Windsor",1,1
"tourist",1,1
"station",1,1
"AVCC",1,1
"step",1,1
"seeped",1,1
"recline",1,1
"pizza",1,1
"neigbours",1,1
"location，very",1,1
"income",1,1
"discovering",1,1
"énormément",1,1
"3e",1,1
"works",1,1
"steps",1,1
"separated",1,1
"recommendation",1,1
"plates",1,1
"informations",1,1
"greatly",1,1
"convienient",1,1
"一切都很好。Good",1,1
"abundant",1,1
"write",1,1
"trick",1,1
"settling",1,1
"refund",1,2
"plomberie",1,1
"grounded",1,1
"corner",1,1
"bad",1,1
"zag",1,1
"tucked",1,1
"strange",1,1
"sheets",1,1
"relieved",1,1
"pond",1,1
"luggage",1,1
"invited",1,3
"fiance",1,1
"downtime",1,1
"centralized",1,1
"👌🏻",1,1
"unbeatable",1,1
"stuff",1,1
"pot",1,1
"magasin",1,1
"courses",1,1
"additions",1,1
"sight",1,1
"requise",1,1
"oil",1,1
"fixed",1,1
"crannies",1,1
"affaire",1,1
"opportune",1,1
"malgré",1,1
"hôtesse",1,1
"floods",1,1
"Eastern",1,1
"cubes",1,1
"chatte",1,1
"bech",1,1
"resto",1,1
"problème",1,1
"keen",1,1
"foam",1,1
"effort",1,1
"cut",1,1
"chemical",1,1
"belongings",1,1
"Alot",1,1
"venir",1,1
"surprises",1,1
"profiter",1,1
"mattresses",1,1
"kindness",1,1
"herb",1,1
"encountered",1,1
"choices",1,1
"swim",1,1
"smelled",1,1
"packet",1,1
"meeting",1,1
"lacks",1,1
"hiking",1,1
"forUs",1,1
"Enhoyed",1,1
"déplacer",1,1
"board",1,1
"vista",1,1
"Taxidermist",1,1
"roam",1,1
"Larry",1,1
"hometown",1,1
"fridge",1,1
"entry",1,1
"d’une",1,1
"climb",1,1
"anticipated",1,1
"temps",1,1
"passante",1,1
"layover",1,1
"Hortons",1,1
"coastline",1,1
"Boucher",1,1
"appears",1,1
"RULES",1,1
"mints",1,1
"learn",1,1
"exceed",1,1
"aptly",1,1
"salon",1,1
"rainbow",1,1
"mobility",1,1
"legendary",1,1
"hummingbirds",1,1
"exceptionnels",1,1
"communicated",1,1
"brings",1,1
"We’d",1,1
"sécheuse",1,1
"petites",1,1
"month",1,1
"lightly",1,1
"gentil",1,1
"commute",1,1
"Btw",1,1
"Atlantic",1,1
"told",1,1
"scenic",1,1
"régler",1,1
"move",1,1
"ignore",1,1
"devenir",1,1
"complimentary",1,1
"stated",1,1
"n’y",1,1
"lived",1,1
"faces",1,1
"avait",1,1
"steep",1,1
"recevoir",1,1
"pity",1,1
"negative",1,1
"location…was",1,1
"fairly",1,1
"canandians",1,1
"électrique",1,1
"worked",1,1
"stepping",1,1
"sentis",1,1
"planning",1,1
"nestled",1,1
"greated",1,1
"conversation",1,1
"captivating",1,1
"étouffant",1,1
"Absolutley",1,1
"refrigerator",1,2
"instruction",1,1
"dollar",1,1
"corn",1,1
"catching",1,1
"tube",1,1
"shed",1,1
"reliable",1,1
"polite",1,1
"Norfolk",1,1
"lowest",1,1
"invités",1,1
"fiancé",1,1
"downside",1,1
"acknowledgement",1,1
"tyroliennes",1,1
"structure",1,1
"posts",1,1
"isolation",1,1
"finished",1,1
"Additionally",1,1
"sidewalks",1,1
"required",1,1
"Practical",1,1
"jem",1,1
"fittings",1,1
"CR",1,1
"Charlie",1,1
"advice",1,1
"Sunday",1,1
"sinon",1,1
"previous",1,1
"opener",1,2
"jokingly",1,1
"flights",1,1
"crystal",1,1
"chat",1,1
"Becca",1,1
"aimé",1,1
"vacated",1,1
"située",1,1
"rested",1,1
"orienter",1,1
"maritime",1,1
"Karen",1,1
"hearing",1,1
"flows",1,1
"efficiently",1,1
"curtains",1,1
"cheese",1,1
"belle",1,1
"allowing",1,1
"veille",1,1
"sleepy",1,1
"retrouverez",1,1
"professional",1,1
"outskirts",1,1
"kindest",1,1
"helps",1,1
"enchanteur",1,1
"bistro",1,1
"viewing",1,1
"reviews",1,1
"pack",1,1
"lacking",1,1
"hike",1,1
"fortement",1,1
"engaged",1,1
"dépassé",1,1
"claires",1,1
"animals",1,1
"visits",1,1
"snowed",1,1
"roadtrip",1,1
"proximité",1,1
"pans",1,1
"merveilleuse",1,1
"d’un",1,1
"climatisé",1,1
"bonuses",1,1
"answers",1,1
"temperature",1,2
"sommes",1,1
"mid",1,1
"layout",1,1
"horse",1,1
"equipment",1,1
"deck",1,1
"borders",1,1
"wallpaper",1,1
"Tha",1,1
"soup",1,1
"ruhig",1,1
"paysage",1,1
"mini",1,1
"leading",1,1
"deficit",1,1
"color",1,1
"wash",1,1
"thoroughbred",1,1
"perfection",1,1
"Mmmmm",1,1
"leg",1,1
"gardens",1,1
"exceptionnelle",1,2
"demande",1,1
"bringing",1,1
"arrivé",1,1
"Tiger",1,1
"Saut",1,1
"ramasse",1,1
"Genial",1,1
"dessus",1,1
"community",1,1
"astray",1,1
"toiletry",1,1
"stair",1,1
"réglé",1,1
"photographers",1,1
"list",1,1
"idyllic",1,1
"girlfriends",1,1
"exterior",1,1
"Deutschland",1,1
"complications",1,1
"businesses",1,1
"starting",1,1
"seam",1,1
"picture",1,1
"nécessaire",1,1
"live",1,2
"golden",1,1
"dined",1,1
"confirmed",1,1
"women",1,1
"trailer",1,1
"reception",1,1
"included",1,1
"gps",1,1
"constant",1,1
"❣️",1,1
"1st",1,1
"sentent",1,1
"planned",1,1
"inform",1,1
"fans",1,1
"dissapointed",1,1
"étant",1,1
"wouldn’t",1,1
"sets",1,1
"Refreshing",1,1
"plentiful",1,1
"Niagara",1,1
"lost",1,1
"instantly",1,1
"cooler",1,2
"catch",1,1
"true",1,1
"story",1,1
"She’s",1,1
"poir",1,1
"noon",1,1
"low",1,1
"guided",1,1
"double",1,1
"ache",1,1
"😂",1,1
"typical",1,1
"strongly",1,1
"Madawaska",1,1
"isolating",1,1
"finds",1,1
"adding",1,1
"🙂",1,1
"successful",1,1
"sidewalk",1,1
"requests",1,1
"power",1,1
"Jack",1,1
"firewood",1,2
"eager",1,1
"charger",1,1
"Unterkunft",1,1
"prevented",1,1
"opened",1,1
"join",1,1
"flight",1,1
"Crown",1,1
"beauty",1,1
"agreable",1,1
"Utterly",1,1
"oreillers",1,1
"marcher",1,1
"Edmunston",1,1
"current",1,1
"vehicle",1,1
"sleeping",1,1
"outdoors",1,1
"marvelous",1,2
"helpfulness",1,1
"date",1,1
"chinois",1,1
"bind",1,1
"ameneties",1,2
"Suzanne",1,1
"Smart",1,1
"reviewer",1,1
"median",1,1
"lack",1,1
"enfants",1,1
"déménager",1,1
"blowup",1,1
"tardive",1,1
"pandemic",1,1
"holiday",1,1
"free",1,1
"entered",1,1
"d’extras",1,1
"climatisation",1,1
"teenaged",1,1
"softer",1,1
"Ron",1,1
"lavishness",1,1
"decided",1,1
"Tge",1,1
"sounded",1,1
"mind",1,1
"lead",1,1
"furnish",1,1
"Europeans",1,1
"defiantly",1,1
"collaboratif",1,1
"appreciative",1,1
"Thomas",1,1
"speaking",1,1
"rail",1,1
"Hubbell",1,1
"exceptionnel",1,1
"delivered",1,1
"weary",1,1
"spokesperson",1,1
"Raleigh",1,1
"personally",1,1
"moment",1,1
"generously",1,1
"desire",1,1
"communities",1,1
"browsing",1,1
"assurément",1,1
"weeks",1,1
"toilet",1,1
"stacked",1,1
"scenary",1,1
"réactif",1,1
"photogenic",1,1
"Motorized",1,1
"lining",1,1
"Giant",1,1
"detour",1,1
"winding",1,1
"started",1,1
"reached",1,1
"pics",1,1
"immédiatement",1,1
"Gods",1,1
"非常美好的小房子，只住了一晚，但是一切都很满意，床上用品非常舒适。Anne第二天早上过来打了招呼，提供了",1,1
"condo",1,1
"autres",1,1
"witness",1,1
"secrets",1,1
"neck",1,1
"impressive",1,1
"gotta",1,1
"dirt",1,1
"consistent",1,1
"1minutes",1,1
"words",1,1
"travailler",1,1
"sentait",1,1
"recommander",1,1
"loft",1,1
"info",1,1
"grateful",1,1
"fancy",1,1
"disposition",1,1
"canyon",1,1
"absolute",1,1
"wouldn",1,1
"treats",1,1
"refaire",1,1
"fauteuils",1,1
"casual",1,1
"babies",1,1
"accommodant",1,1
"trouver",1,1
"stories",1,1
"sharing",1,1
"points",1,1
"nooks",1,1
"lover",1,1
"fenêtres",1,1
"dormir",1,1
"cent",1,1
"balcony",1,1
"accueillant",1,1
"😬",1,1
"type",1,1
"strong",1,1
"renovating",1,1
"Nouvelle",1,1
"machines",1,1
"Hands",1,1
"chair",1,1
